{"train_time": 180.5908830165863, "test_auc": 0.646938, "test_time": 4.595614910125732}